{
  "commonHeaders": [
    {
      "name": "X-TraceId",
      "type": "string"
    },
    {
      "name": "X-ClientId",
      "type": "string",
      "required": true
    },
    {
      "name": "easyId",
      "type": "integer",
      "required": true
    }
  ],
  "features": {
    "itemBookmarkDeleteInfo": {
      "request": {
        "headers": [
          {
            "name": "svid",
            "type": "property",
            "propType": "integer",
            "propKeyPrefix": "itembookmark.delete.svid",
            "source": "X-ClientId"
          }
        ],
        "parameters": [
          {
            "name": "sbmItemIds",
            "type": "list",
            "dataType": "integer",
            "required": true
          }
        ]
      },
      "response": {
        "parameters": [
          {
            "name": "data",
            "type": "object",
            "parameters": [
              {
                "name": "deletedItemIds",
                "type":"list",
                "dataType":"integer"
              }
            ]
          },
          {
            "name": "status",
            "type": "object",
            "parameters": [
              {
                "name": "code",
                "type": "integer"
              },
              {
                "name": "message",
                "type": "string"
              }
            ]
          }
        ]
      }
    }
  }
}