{
  "commonHeaders": [
    {
      "name": "X-TraceId",
      "type": "string"
    },
    {
      "name": "X-ClientId",
      "type": "string",
      "required": true
    },
    {
      "name": "easyId",
      "type": "integer",
      "required": true
    },
    {
      "name": "User-Agent",
      "type": "string",
      "required": true
    }
  ],
  "features": {
    "itemBookmarkListInfo": {
      "request": {
        "headers": [
          {
            "name": "svid",
            "type": "property",
            "propKeyPrefix": "itembookmark.list.svid",
            "source": "X-ClientId",
            "propType": "string"
          }
        ],
        "parameters": [
          {
            "name": "offset",
            "type": "integer",
            "default": 0
          },
          {
            "name": "hits",
            "type": "integer",
            "default": 20
          },
          {
            "name": "sort",
            "type": "integer",
            "default": 0
          },
          {
            "name": "itemType",
            "type": "integer"
          },
          {
            "name": "shopId",
            "type": "integer",
            "default": 0
          },
          {
            "name": "listId",
            "type": "integer"
          },
          {
            "name": "couponFlag",
            "type": "boolean",
            "default": false
          },
          {
            "name": "ncpPointsFlag",
            "type": "boolean",
            "default": false
          }
        ]
      },
      "response": {
        "parameters": [
          {
            "name": "bookmarkList",
            "type": "objectarray",
            "parameters": [
              {
                "name": "id",
                "type": "integer"
              },
              {
                "name": "itemId",
                "type": "long"
              },
              {
                "name": "itemName",
                "type": "string"
              },
              {
                "name": "itemUrl",
                "type": "string"
              },
              {
                "name": "itemType",
                "type": "integer"
              },
              {
                "name": "shopId",
                "type": "integer"
              },
              {
                "name": "shopName",
                "type": "string"
              },
              {
                "name": "shopUrl",
                "type": "string"
              },
              {
                "name": "39shopFlag",
                "type": "boolean"
              },
              {
                "name": "restockNotifyFlag",
                "type": "boolean"
              },
              {
                "name": "originalPrice",
                "type": "double"
              },
              {
                "name": "latestPrice",
                "type": "double"
              },
              {
                "name": "freeShippingFlag",
                "type": "boolean"
              },
              {
                "name": "taxIncludedFlag",
                "type": "boolean"
              },
              {
                "name": "reviewCount",
                "type": "integer"
              },
              {
                "name": "reviewUrl",
                "type": "string"
              },
              {
                "name": "reviewAvg",
                "type": "double"
              },
              {
                "name": "registerTime",
                "type": "string"
              },
              {
                "name": "updateTime",
                "type": "string"
              },
              {
                "name": "imageUrl",
                "type": "string"
              },
              {
                "name": "inventoryFlag",
                "type": "integer"
              },
              {
                "name": "inventoryId",
                "type": "integer"
              },
              {
                "name": "inventoryNameVer",
                "type": "string"
              },
              {
                "name": "inventoryNameHor",
                "type": "string"
              },
              {
                "name": "inventoryAxisVer",
                "type": "string"
              },
              {
                "name": "inventoryAxisHor",
                "type": "string"
              },
              {
                "name": "itemPointStartTime",
                "type": "string"
              },
              {
                "name": "itemPointEndTime",
                "type": "string"
              },
              {
                "name": "itemMemo",
                "type": "string"
              },
              {
                "name": "cartUrl",
                "type": "string"
              },
              {
                "name": "listId",
                "type": "integer"
              },
              {
                "name": "enableFlag",
                "type": "boolean"
              },
              {
                "name": "asurakuFlag",
                "type": "boolean"
              },
              {
                "name": "inStockFlag",
                "type": "boolean"
              },
              {
                "name": "shopMngId",
                "type": "string"
              },
              {
                "name": "genreId",
                "type": "integer"
              },
              {
                "name": "productPageUrl",
                "type": "string"
              },
              {
                "name": "coupons",
                "type": "objectarray",
                "parameters": [
                  {
                    "name": "couponId",
                    "type": "integer"
                  },
                  {
                    "name": "couponCode",
                    "type": "string"
                  },
                  {
                    "name": "couponName",
                    "type": "string"
                  },
                  {
                    "name": "discountTitle",
                    "type": "string"
                  },
                  {
                    "name": "acquired",
                    "type": "boolean"
                  },
                  {
                    "name": "couponStartDate",
                    "type": "string"
                  },
                  {
                    "name": "couponEndDate",
                    "type": "string"
                  },
                  {
                    "name": "termsOfUse",
                    "type": "string"
                  },
                  {
                    "name": "couponServiceId",
                    "type": "integer"
                  },
                  {
                    "name": "couponServiceLabel",
                    "type": "string"
                  }
                ]
              },
              {
                "name": "ncpPoints",
                "type": "object",
                "parameters": [
                  {
                    "name": "itemPointValue",
                    "type": "double"
                  },
                  {
                    "name": "itemPointRate",
                    "type": "double"
                  },
                  {
                    "name": "itemPointExtraRate",
                    "type": "double"
                  },
                  {
                    "name": "itemPointBackRate",
                    "type": "double"
                  }
                ]
              }
            ]
          },
          {
            "name": "meta",
            "type": "object",
            "parameters": [
              {
                "name": "offset",
                "type": "integer"
              },
              {
                "name": "hits",
                "type": "integer"
              },
              {
                "name": "ss",
                "type": "boolean"
              },
              {
                "name": "ssStartTime",
                "type": "string"
              },
              {
                "name": "ssEndTime",
                "type": "string"
              }
            ]
          }
        ]
      }
    }
  }
}
