{
  "commonHeaders": [
    {
      "name": "X-TraceId",
      "type": "string"
    },
    {
      "name": "X-ClientId",
      "type": "string",
      "required": true
    },
    {
      "name": "easyId",
      "type": "integer",
      "required": true
    }
  ],
  "features": {
    "itemBookmarkAddInfo": {
      "request": {
        "headers": [
          {
            "name": "svid",
            "type": "property",
            "propType": "integer",
            "propKeyPrefix": "itembookmark.add.svid",
            "source": "X-ClientId"
          }
        ],
        "parameters": [
          {
            "name": "shopId",
            "type": "integer",
            "required": true
          },
          {
            "name": "itemId",
            "type": "integer",
            "required": true
          }
        ]
      },
      "response": {
        "parameters": [
          {
            "name": "data",
            "type": "object",
            "parameters": [
              {
                "name": "sbmItemId",
                "type": "integer"
              },
              {
                "name": "itemId",
                "type": "integer"
              },
              {
                "name": "itemName",
                "type": "string"
              },
              {
                "name": "itemType",
                "type": "integer"
              },
              {
                "name": "itemUrl",
                "type": "string"
              },
              {
                "name": "shopId",
                "type": "integer"
              },
              {
                "name": "shopName",
                "type": "string"
              },
              {
                "name": "inventoryId",
                "type": "integer"
              },
              {
                "name": "inventoryNameVer",
                "type": "string"
              },
              {
                "name": "inventoryNameHor",
                "type": "string"
              },
              {
                "name": "inventoryAxisVer",
                "type": "string"
              },
              {
                "name": "inventoryAxisHor",
                "type": "string"
              },
              {
                "name": "listId",
                "type": "integer"
              },
              {
                "name": "listName",
                "type": "string"
              },
              {
                "name": "registerTime",
                "type": "string"
              },
              {
                "name": "updateTime",
                "type": "string"
              },
              {
                "name": "price",
                "type": "integer"
              },
              {
                "name": "imageUrl",
                "type": "string"
              },
              {
                "name": "freeShippingFlag",
                "type": "boolean"
              }
            ]
          },
          {
            "name": "status",
            "type": "object",
            "parameters": [
              {
                "name": "code",
                "type": "integer"
              },
              {
                "name": "message",
                "type": "string"
              }
            ]
          }
        ]
      }
    }
  }
}