{
  "commonHeaders": [
    {
      "name": "X-TraceId",
      "type": "string"
    },
    {
      "name": "X-ClientId",
      "type": "string",
      "required": true
    },
    {
      "name": "easyId",
      "type": "integer",
      "required": true
    }
  ],
  "features": {
    "dynamicSearchInfo": {
      "request": {
        "headers": [
          {
            "name": "User-Agent",
            "type": "string",
            "required": true
          },
          {
            "name": "X-Forwarded-For",
            "type": "string",
            "required": true
          }
        ],
        "parameters": [
          {
            "name": "config",
            "type": "string",
            "required": true
          },
          {
            "name": "sort",
            "type": "option",
            "dataType": "string",
            "default": "relevancy",
            "options": [
              "price_low_to_high_all",
              "price_high_to_low_all",
              "price_high_to_low"
            ]
          }
        ]
      },
      "response": {
        "fastforward": true
      }
    }
  }
}