{
  "commonHeaders": [
    {
      "name": "X-TraceId",
      "type": "string"
    },
    {
      "name": "X-ClientId",
      "type": "string",
      "required": true
    },
    {
      "name": "easyId",
      "type": "integer",
      "required": true
    }
  ],
  "features": {
    "browsingHistoryAddInfo": {
      "request": {
        "parameters": [
          {
            "name": "sid",
            "type": "integer",
            "required": true
          },
          {
            "name": "shopId",
            "type": "integer"
          },
          {
            "name": "itemId",
            "type": "integer"
          },
          {
            "name": "itemType",
            "type": "integer"
          },
          {
            "name": "genreId",
            "type": "integer"
          }
        ]
      },
      "response": {
      }
    }
  }
}
