{
  "commonHeaders": [
    {
      "name": "X-TraceId",
      "type": "string"
    },
    {
      "name": "X-ClientId",
      "type": "string",
      "required": true
    },
    {
      "name": "easyId",
      "type": "integer",
      "required": true
    }
  ],
  "features": {
    "browsingHistoryListInfo": {
      "request": {
        "parameters": [
          {
            "name": "sid",
            "type": "integer",
            "required": true
          },
          {
            "name": "sort",
            "type": "integer"
          },
          {
            "name": "pageIndex",
            "type": "integer"
          },
          {
            "name": "genreId",
            "type": "integer"
          },
          {
            "name": "browsingDate",
            "type": "string"
          },
          {
            "name": "itemType",
            "type": "integer"
          },
          {
            "name": "itemNameTruncate",
            "type": "integer"
          },
          {
            "name": "shopId",
            "type": "integer"
          }
        ]
      },
      "response": {
        "parameters": [
          {
            "name": "num",
            "type": "integer"
          },
          {
            "name": "code",
            "type": "integer"
          },
          {
            "name": "items",
            "type": "objectarray",
            "parameters": [
              {
                "name": "reviewAverage",
                "type": "string"
              },
              {
                "name": "mngNumber",
                "type": "string",
                "source": "manageNumber"
              },
              {
                "name": "taxFlag",
                "type": "integer"
              },
              {
                "name": "itemId",
                "type": "integer"
              },
              {
                "name": "shopName",
                "type": "string"
              },
              {
                "name": "genreIdList",
                "type": "string"
              },
              {
                "name": "shopId",
                "type": "integer"
              },
              {
                "name": "itemName",
                "type": "string"
              },
              {
                "name": "itemUrlFull",
                "type": "string"
              },
              {
                "name": "imageUrl",
                "type": "string"
              },
              {
                "name": "itemType",
                "type": "integer"
              },
              {
                "name": "reviewCount",
                "type": "integer"
              },
              {
                "name": "image64Flag",
                "type": "integer"
              },
              {
                "name": "shopUrl",
                "type": "string"
              },
              {
                "name": "url",
                "type": "string"
              },
              {
                "name": "itemStatus",
                "type": "integer"
              },
              {
                "name": "postageFlag",
                "type": "integer"
              },
              {
                "name": "mobileFlag",
                "type": "integer"
              },
              {
                "name": "itemPrice",
                "type": "integer"
              },
              {
                "name": "image128Flag",
                "type": "integer"
              },
              {
                "name": "imagePath",
                "type": "string"
              },
              {
                "name": "itemUrl",
                "type": "string"
              },
              {
                "name": "imageUrl64",
                "type": "string"
              },
              {
                "name": "deleteUrl",
                "type": "string"
              },
              {
                "name": "imageUrl128",
                "type": "string"
              },
              {
                "name": "tags",
                "type": "object",
                "parameters": [
                  {
                    "name": "unusedNaviTags",
                    "type": "string"
                  },
                  {
                    "name": "commonTags",
                    "type": "string"
                  },
                  {
                    "name": "uniqueTags",
                    "type": "string"
                  }
                ]
              },
              {
                "name": "historyDate",
                "type": "string"
              }
            ]
          }
        ]
      }
    }
  }
}