{
  "commonHeaders": [
    {
      "name": "X-TraceId",
      "type": "string"
    },
    {
      "name": "X-ClientId",
      "type": "string",
      "required": true
    },
    {
      "name": "easyId",
      "type": "integer"
    }
  ],
  "features": {
    "itemInfo": {
      "request": {
        "headers": [
        {
          "name": "itemX-Client-Id",
          "type": "property",
          "propKeyPrefix": "item.get.itemInfo.itemx.clientId",
          "source": "X-ClientId",
          "propType": "string"
        },
        {
          "name": "inventoryX-Client-Id",
          "type": "property",
          "propKeyPrefix": "item.get.itemInfo.inventoryx.clientId",
          "source": "X-ClientId",
          "propType": "string"
        }
      ],
        "parameters": [
          {
            "name": "shopId",
            "type": "integer",
            "required": true
          },
          {
            "name": "itemId",
            "type": "integer"
          },
          {
            "name": "manageNumber",
            "type": "string"
          },
          {
            "name": "locale",
            "type": "option",
            "default": "ja-JP",
            "options": [
              "ja-JP",
              "en-US"
            ],
            "dataType": "string"
          },
          {
            "name": "deviceType",
            "type": "option",
            "default": "sp",
            "options": [
              "pc",
              "sp"
            ],
            "dataType": "string"
          },
          {
            "name": "displayHiddenItem",
            "type": "boolean",
            "default": false
          },
          {
            "name": "displayDraftItem",
            "type": "boolean",
            "default": false
          }
        ]
      },
      "response": {
        "parameters": [
          {
            "name": "shopId",
            "type": "string"
          },
          {
            "name": "manageNumber",
            "type": "string"
          },
          {
            "name": "itemId",
            "type": "integer"
          },
          {
            "name": "itemNumber",
            "type": "string"
          },
          {
            "name": "title",
            "type": "string"
          },
          {
            "name": "tagLine",
            "type": "string"
          },
          {
            "name": "productDescription",
            "type": "string"
          },
          {
            "name": "salesDescription",
            "type": "string"
          },
          {
            "name": "precautions",
            "type": "object",
            "parameters": [
              {
                "name": "description",
                "type": "string"
              },
              {
                "name": "agreement",
                "type": "string"
              }
            ]
          },
          {
            "name": "images",
            "type": "objectarray",
            "parameters": [
              {
                "name": "type",
                "type": "string"
              },
              {
                "name": "location",
                "type": "string"
              },
              {
                "name": "imageUrl",
                "type": "string"
              },
              {
                "name": "thumbnailUrl",
                "type": "string"
              },
              {
                "name": "alt",
                "type": "string"
              }
            ]
          },
          {
            "name": "whiteBgImage",
            "type": "object",
            "parameters": [
              {
                "name": "type",
                "type": "string"
              },
              {
                "name": "location",
                "type": "string"
              },
              {
                "name": "alt",
                "type": "string"
              }
            ]
          },
          {
            "name": "video",
            "type": "object",
            "parameters": [
              {
                "name": "type",
                "type": "string"
              },
              {
                "name": "value",
                "type": "string"
              }
            ]
          },
          {
            "name": "rCategoryId",
            "type": "string"
          },
          {
            "name": "tags",
            "type": "list",
            "dataType": "integer"
          },
          {
            "name": "articleNumber",
            "type": "object",
            "parameters": [
              {
                "name": "value",
                "type": "string"
              },
              {
                "name": "exemptionReason",
                "type": "integer"
              }
            ]
          },
          {
            "name": "governanceFields",
            "type": "object",
            "parameters": [
              {
                "name": "originalRCategoryId",
                "type": "string"
              },
              {
                "name": "originalArticleNumber",
                "type": "object",
                "parameters": [
                  {
                    "name": "value",
                    "type": "string"
                  },
                  {
                    "name": "exemptionReason",
                    "type": "integer"
                  }
                ]
              }
            ]
          },
          {
            "name": "hideItem",
            "type": "boolean",
            "default": false
          },
          {
            "name": "unlimitedInventoryFlag",
            "type": "boolean"
          },
          {
            "name": "orderQuantityLimit",
            "type": "integer"
          },
          {
            "name": "customizationOptions",
            "type": "objectarray",
            "parameters": [
              {
                "name": "key",
                "type": "string"
              },
              {
                "name": "label",
                "type": "string"
              },
              {
                "name": "inputType",
                "type": "string"
              },
              {
                "name": "required",
                "type": "boolean"
              },
              {
                "name": "selections",
                "type": "objectarray",
                "parameters": [
                  {
                    "name": "value",
                    "type": "string"
                  },
                  {
                    "name": "displayValue",
                    "type": "string"
                  }
                ]
              }
            ]
          },
          {
            "name": "purchasablePeriod",
            "type": "object",
            "parameters": [
              {
                "name": "start",
                "type": "string"
              },
              {
                "name": "end",
                "type": "string"
              }
            ]
          },
          {
            "name": "releaseDate",
            "type": "string"
          },
          {
            "name": "subscription",
            "type": "object",
            "parameters": [
              {
                "name": "shippingDateFlag",
                "type": "boolean"
              },
              {
                "name": "shippingWeekFlag",
                "type": "boolean"
              },
              {
                "name": "shippingIntervalFlag",
                "type": "boolean"
              },
              {
                "name": "purchaseDescription",
                "type": "string"
              }
            ]
          },
          {
            "name": "buyingClub",
            "type": "object",
            "parameters": [
              {
                "name": "cycle",
                "type": "object",
                "parameters": [
                  {
                    "name": "unit",
                    "type": "string"
                  },
                  {
                    "name": "value",
                    "type": "integer"
                  }
                ]
              },
              {
                "name": "numberOfDeliveries",
                "type": "integer"
              },
              {
                "name": "displayItems",
                "type": "boolean"
              },
              {
                "name": "items",
                "type": "list",
                "dataType": "string"
              },
              {
                "name": "shippingDateFlag",
                "type": "boolean"
              },
              {
                "name": "shippingWeekFlag",
                "type": "boolean"
              },
              {
                "name": "purchaseDescription",
                "type": "string"
              }
            ]
          },
          {
            "name": "features",
            "type": "object",
            "parameters": [
              {
                "name": "searchVisibility",
                "type": "string"
              },
              {
                "name": "displayNormalCartButton",
                "type": "boolean"
              },
              {
                "name": "displaySubscriptionCartButton",
                "type": "boolean"
              },
              {
                "name": "inventoryDisplay",
                "type": "string"
              },
              {
                "name": "lowStockThreshold",
                "type": "integer"
              },
              {
                "name": "restockNotification",
                "type": "boolean"
              },
              {
                "name": "shopContact",
                "type": "boolean"
              },
              {
                "name": "pamphlet",
                "type": "boolean"
              },
              {
                "name": "sizeChartId",
                "type": "integer"
              },
              {
                "name": "review",
                "type": "string"
              },
              {
                "name": "displayManufacturerContents",
                "type": "boolean"
              },
              {
                "name": "noshi",
                "type": "boolean"
              }
            ]
          },
          {
            "name": "accessControl",
            "type": "object",
            "parameters": [
              {
                "name": "adultItem",
                "type": "boolean"
              },
              {
                "name": "mobileFlag",
                "type": "boolean"
              }
            ]
          },
          {
            "name": "standardPrice",
            "type": "object",
            "parameters": [
              {
                "name": "currency",
                "type": "string"
              },
              {
                "name": "amount",
                "type": "double"
              }
            ]
          },
          {
            "name": "subscriptionPrice",
            "type": "object",
            "parameters": [
              {
                "name": "basePrice",
                "type": "object",
                "parameters": [
                  {
                    "name": "currency",
                    "type": "string"
                  },
                  {
                    "name": "amount",
                    "type": "double"
                  }
                ]
              },
              {
                "name": "individualPrices",
                "type": "object",
                "parameters": [
                  {
                    "name": "firstPrice",
                    "type": "object",
                    "parameters": [
                      {
                        "name": "currency",
                        "type": "string"
                      },
                      {
                        "name": "amount",
                        "type": "double"
                      }
                    ]
                  },
                  {
                    "name": "lastPrice",
                    "type": "object",
                    "parameters": [
                      {
                        "name": "currency",
                        "type": "string"
                      },
                      {
                        "name": "amount",
                        "type": "double"
                      }
                    ]
                  }
                ]
              }
            ]
          },
          {
            "name": "referencePrice",
            "type": "object",
            "parameters": [
              {
                "name": "displayType",
                "type": "string"
              },
              {
                "name": "type",
                "type": "integer"
              },
              {
                "name": "value",
                "type": "object",
                "parameters": [
                  {
                    "name": "currency",
                    "type": "string"
                  },
                  {
                    "name": "amount",
                    "type": "double"
                  }
                ]
              }
            ]
          },
          {
            "name": "taxIncludedPrice",
            "type": "double"
          },
          {
            "name": "metaInfo",
            "type": "object",
            "parameters": [
              {
                "name": "referencePriceVerified",
                "type": "boolean"
              }
            ]
          },
          {
            "name": "payment",
            "type": "object",
            "parameters": [
              {
                "name": "taxIncluded",
                "type": "boolean"
              },
              {
                "name": "taxRate",
                "type": "double"
              },
              {
                "name": "cashOnDeliveryFeeIncluded",
                "type": "boolean"
              }
            ]
          },
          {
            "name": "shipping",
            "type": "object",
            "parameters": [
              {
                "name": "fee",
                "type": "object",
                "parameters": [
                  {
                    "name": "currency",
                    "type": "string"
                  },
                  {
                    "name": "amount",
                    "type": "double"
                  }
                ]
              },
              {
                "name": "asurakuDeliveryId",
                "type": "integer"
              },
              {
                "name": "postageIncluded",
                "type": "boolean",
                "default": false
              },
              {
                "name": "overseasDeliveryId",
                "type": "integer"
              },
              {
                "name": "postageSegment",
                "type": "object",
                "parameters": [
                  {
                    "name": "local",
                    "type": "integer"
                  },
                  {
                    "name": "overseas",
                    "type": "integer"
                  }
                ]
              },
              {
                "name": "shopAreaSoryoPatternId",
                "type": "integer"
              },
              {
                "name": "shippingMethodGroup",
                "type": "string"
              }
            ]
          },
          {
            "name": "pointCampaign",
            "type": "object",
            "parameters": [
              {
                "name": "applicablePeriod",
                "type": "object",
                "parameters": [
                  {
                    "name": "start",
                    "type": "string"
                  },
                  {
                    "name": "end",
                    "type": "string"
                  }
                ]
              },
              {
                "name": "benefits",
                "type": "object",
                "parameters": [
                  {
                    "name": "pointRate",
                    "type": "integer"
                  }
                ]
              }
            ]
          },
          {
            "name": "events",
            "type": "objectarray",
            "parameters": [
              {
                "name": "applicablePeriod",
                "type": "object",
                "parameters": [
                  {
                    "name": "start",
                    "type": "string"
                  },
                  {
                    "name": "end",
                    "type": "string"
                  }
                ]
              },
              {
                "name": "eventId",
                "type": "integer"
              },
              {
                "name": "eventItemId",
                "type": "integer"
              },
              {
                "name": "eventType",
                "type": "integer"
              },
              {
                "name": "benefitValue",
                "type": "integer"
              }
            ]
          },
          {
            "name": "itemDisplaySequence",
            "type": "integer"
          },
          {
            "name": "layout",
            "type": "object",
            "parameters": [
              {
                "name": "itemLayoutId",
                "type": "integer"
              },
              {
                "name": "navigationId",
                "type": "integer"
              },
              {
                "name": "layoutSequenceId",
                "type": "integer"
              },
              {
                "name": "smallDescriptionId",
                "type": "integer"
              },
              {
                "name": "largeDescriptionId",
                "type": "integer"
              },
              {
                "name": "showcaseId",
                "type": "integer"
              }
            ]
          },
          {
            "name": "variantSelectors",
            "type": "objectarray",
            "parameters": [
              {
                "name": "key",
                "type": "string"
              },
              {
                "name": "i18n",
                "type": "string"
              },
              {
                "name": "values",
                "type": "objectarray",
                "parameters": [
                  {
                    "name": "value",
                    "type": "string"
                  },
                  {
                    "name": "i18n",
                    "type": "string"
                  }
                ]
              }
            ]
          },
          {
            "name": "variants",
            "type": "objectarray",
            "parameters": [
              {
                "name": "sku",
                "type": "string"
              },
              {
                "name": "selectorValues",
                "type": "objectarray",
                "parameters": [
                  {
                    "name": "key",
                    "type": "string"
                  },
                  {
                    "name": "value",
                    "type": "string"
                  }
                ]
              },
              {
                "name": "images",
                "type": "objectarray",
                "parameters": [
                  {
                    "name": "type",
                    "type": "string"
                  },
                  {
                    "name": "location",
                    "type": "string"
                  },
                  {
                    "name": "imageUrl",
                    "type": "string"
                  },
                  {
                    "name": "thumbnailUrl",
                    "type": "string"
                  },
                  {
                    "name": "alt",
                    "type": "string"
                  }
                ]
              },
              {
                "name": "tags",
                "type": "list",
                "dataType": "integer"
              },
              {
                "name": "restockOnCancel",
                "type": "boolean"
              },
              {
                "name": "showToriyose",
                "type": "boolean"
              },
              {
                "name": "backOrderFlag",
                "type": "boolean"
              },
              {
                "name": "normalDeliveryDateId",
                "type": "integer"
              },
              {
                "name": "backOrderDeliveryDateId",
                "type": "integer"
              },
              {
                "name": "horizontalNumber",
                "type": "string"
              },
              {
                "name": "verticalNumber",
                "type": "string"
              },
              {
                "name": "inventoryId",
                "type": "string"
              },
              {
                "name": "quantity",
                "type": "integer"
              }
            ]
          },
          {
            "name": "created",
            "type": "string"
          },
          {
            "name": "updated",
            "type": "string"
          },
          {
            "name": "itemUrl",
            "type": "string"
          },
          {
            "name": "itemUrlMobile",
            "type": "string"
          },
          {
            "name": "shopUrl",
            "type": "string"
          },
          {
            "name": "shopName",
            "type": "string"
          },
          {
            "name": "genreIdList",
            "type": "string"
          }
        ]
      }
    }
  }
}