{
  "commonHeaders": [
    {
      "name": "X-TraceId",
      "type": "string"
    },
    {
      "name": "X-ClientId",
      "type": "string",
      "required": true
    },
    {
      "name": "easyId",
      "type": "integer"
    }
  ],
  "defaultFeatures": [
    "productInfo"
  ],
  "features": {
    "productInfo": {
      "request": {
        "headers": [
          {
            "name": "itemX-Client-Id",
            "type": "property",
            "propKeyPrefix": "productscreen.get.productInfo.itemx.clientId",
            "source": "X-ClientId",
            "propType": "string"
          },
          {
            "name": "navigationInfo-Client-Id",
            "type": "property",
            "propKeyPrefix": "productscreen.get.productInfo.navigationInfo.clientId",
            "source": "X-ClientId",
            "propType": "string"
          },
          {
            "name": "shopMaster-Client-Id",
            "type": "property",
            "propKeyPrefix": "productscreen.get.productInfo.shopMaster.clientId",
            "source": "X-ClientId",
            "propType": "string"
          },
          {
            "name": "shopDisp-Client-Id",
            "type": "property",
            "propKeyPrefix": "productscreen.get.productInfo.shopDisp.clientId",
            "source": "X-ClientId",
            "propType": "string"
          },
          {
            "name": "gspItemReviewWithCache-Client-Id",
            "type": "property",
            "propKeyPrefix": "productscreen.get.productInfo.gspItemReviewWithCache.clientId",
            "source": "X-ClientId",
            "propType": "string"
          }
        ],
        "parameters": [
          {
            "name": "shopId",
            "type": "integer"
          },
          {
            "name": "itemId",
            "type": "integer"
          },
          {
            "name": "manageNumber",
            "type": "string"
          },
          {
            "name": "itemUrl",
            "type": "string"
          },
          {
            "name": "itemCode",
            "type": "string"
          },
          {
            "name": "locale",
            "type": "option",
            "default": "ja-JP",
            "options": [
              "ja-JP",
              "en-US"
            ],
            "dataType": "string"
          },
          {
            "name": "deviceType",
            "type": "option",
            "default": "sp",
            "options": [
              "pc",
              "sp"
            ],
            "dataType": "string"
          }
        ]
      },
      "response": {
        "parameters": [
          {
            "name": "shopId",
            "type": "integer"
          },
          {
            "name": "manageNumber",
            "type": "string"
          },
          {
            "name": "type",
            "type": "integer"
          },
          {
            "name": "itemId",
            "type": "integer"
          },
          {
            "name": "itemNumber",
            "type": "string"
          },
          {
            "name": "title",
            "type": "string"
          },
          {
            "name": "isAvailableForSale",
            "type": "boolean"
          },
          {
            "name": "tagLine",
            "type": "string",
            "source": "tagline"
          },
          {
            "name": "productDescription",
            "type": "string"
          },
          {
            "name": "salesDescription",
            "type": "string"
          },
          {
            "name": "precautions",
            "type": "object",
            "parameters": [
              {
                "name": "description",
                "type": "string"
              },
              {
                "name": "agreement",
                "type": "string"
              }
            ]
          },
          {
            "name": "whiteBgImage",
            "type": "object",
            "parameters": [
              {
                "name": "location",
                "type": "string"
              }
            ]
          },
          {
            "name": "rCategoryId",
            "type": "string"
          },
          {
            "name": "tags",
            "type": "list",
            "dataType": "integer"
          },
          {
            "name": "articleNumber",
            "type": "object",
            "parameters": [
              {
                "name": "value",
                "type": "string"
              },
              {
                "name": "exemptionReason",
                "type": "integer"
              }
            ]
          },
          {
            "name": "inventoryType",
            "type": "integer"
          },
          {
            "name": "governanceFields",
            "type": "object",
            "parameters": [
              {
                "name": "originalRCategoryId",
                "type": "string"
              },
              {
                "name": "originalArticleNumber",
                "type": "object",
                "parameters": [
                  {
                    "name": "value",
                    "type": "string"
                  },
                  {
                    "name": "exemptionReason",
                    "type": "integer"
                  }
                ]
              }
            ]
          },
          {
            "name": "hideItem",
            "type": "boolean",
            "default": false
          },
          {
            "name": "customizationOptions",
            "type": "objectarray",
            "parameters": [
              {
                "name": "key",
                "type": "string"
              },
              {
                "name": "label",
                "type": "string"
              },
              {
                "name": "inputType",
                "type": "string"
              },
              {
                "name": "required",
                "type": "boolean"
              },
              {
                "name": "selections",
                "type": "objectarray",
                "parameters": [
                  {
                    "name": "value",
                    "type": "string"
                  },
                  {
                    "name": "displayValue",
                    "type": "string"
                  }
                ]
              }
            ]
          },
          {
            "name": "isAvailableForSale",
            "type": "boolean"
          },
          {
            "name": "purchasablePeriod",
            "type": "object",
            "parameters": [
              {
                "name": "start",
                "type": "string"
              },
              {
                "name": "end",
                "type": "string"
              }
            ]
          },
          {
            "name": "releaseDate",
            "type": "string"
          },
          {
            "name": "subscription",
            "type": "object",
            "parameters": [
              {
                "name": "shippingDateFlag",
                "type": "boolean"
              },
              {
                "name": "shippingWeekFlag",
                "type": "boolean"
              },
              {
                "name": "shippingIntervalFlag",
                "type": "boolean"
              },
              {
                "name": "purchaseDescription",
                "type": "string"
              }
            ]
          },
          {
            "name": "buyingClub",
            "type": "object",
            "parameters": [
              {
                "name": "cycle",
                "type": "object",
                "parameters": [
                  {
                    "name": "unit",
                    "type": "string"
                  },
                  {
                    "name": "value",
                    "type": "integer"
                  }
                ]
              },
              {
                "name": "numberOfDeliveries",
                "type": "integer"
              },
              {
                "name": "displayItems",
                "type": "boolean"
              },
              {
                "name": "shippingDateFlag",
                "type": "boolean"
              },
              {
                "name": "shippingWeekFlag",
                "type": "boolean"
              },
              {
                "name": "purchaseDescription",
                "type": "string"
              }
            ]
          },
          {
            "name": "features",
            "type": "object",
            "parameters": [
              {
                "name": "searchVisibility",
                "type": "string"
              },
              {
                "name": "displayNormalCartButton",
                "type": "boolean"
              },
              {
                "name": "displaySubscriptionCartButton",
                "type": "boolean"
              },
              {
                "name": "inventoryDisplay",
                "type": "string"
              },
              {
                "name": "lowStockThreshold",
                "type": "integer"
              },
              {
                "name": "restockNotification",
                "type": "boolean"
              },
              {
                "name": "shopContact",
                "type": "boolean"
              },
              {
                "name": "pamphlet",
                "type": "boolean"
              },
              {
                "name": "sizeChartId",
                "type": "integer"
              },
              {
                "name": "review",
                "type": "string"
              },
              {
                "name": "displayManufacturerContents",
                "type": "boolean"
              },
              {
                "name": "noshi",
                "type": "boolean"
              }
            ]
          },
          {
            "name": "accessControl",
            "type": "object",
            "parameters": [
              {
                "name": "adultItem",
                "type": "boolean"
              },
              {
                "name": "accessPassword",
                "type": "string"
              },
              {
                "name": "mobileFlag",
                "type": "boolean"
              }
            ]
          },
          {
            "name": "standardPrice",
            "type": "object",
            "parameters": [
              {
                "name": "currency",
                "type": "string"
              },
              {
                "name": "amount",
                "type": "double"
              }
            ]
          },
          {
            "name": "subscriptionPrice",
            "type": "object",
            "parameters": [
              {
                "name": "basePrice",
                "type": "object",
                "parameters": [
                  {
                    "name": "currency",
                    "type": "string"
                  },
                  {
                    "name": "amount",
                    "type": "double"
                  }
                ]
              },
              {
                "name": "subscriptionPrice",
                "type": "double"
              },
              {
                "name": "individualPrices",
                "type": "object",
                "parameters": [
                  {
                    "name": "firstPrice",
                    "type": "object",
                    "parameters": [
                      {
                        "name": "currency",
                        "type": "string"
                      },
                      {
                        "name": "amount",
                        "type": "double"
                      }
                    ]
                  },
                  {
                    "name": "lastPrice",
                    "type": "object",
                    "parameters": [
                      {
                        "name": "currency",
                        "type": "string"
                      },
                      {
                        "name": "amount",
                        "type": "double"
                      }
                    ]
                  }
                ]
              },
              {
                "name": "taxIncludedLastPrice",
                "type": "double"
              }
            ]
          },
          {
            "name": "taxIncludedPrice",
            "type": "double"
          },
          {
            "name": "metaInfo",
            "type": "object",
            "parameters": [
              {
                "name": "referencePriceVerified",
                "type": "boolean"
              },
              {
                "name": "superSaleDiscountTag",
                "type": "integer"
              }
            ]
          },
          {
            "name": "payment",
            "type": "object",
            "parameters": [
              {
                "name": "taxIncluded",
                "type": "boolean"
              },
              {
                "name": "taxRate",
                "type": "double"
              },
              {
                "name": "cashOnDeliveryFeeIncluded",
                "type": "boolean"
              }
            ]
          },
          {
            "name": "events",
            "type": "objectarray",
            "parameters": [
              {
                "name": "applicablePeriod",
                "type": "object",
                "parameters": [
                  {
                    "name": "start",
                    "type": "string"
                  },
                  {
                    "name": "end",
                    "type": "string"
                  }
                ]
              },
              {
                "name": "eventId",
                "type": "integer"
              },
              {
                "name": "eventItemId",
                "type": "integer"
              },
              {
                "name": "eventType",
                "type": "integer"
              },
              {
                "name": "benefitValue",
                "type": "integer"
              }
            ]
          },
          {
            "name": "itemDisplaySequence",
            "type": "integer"
          },
          {
            "name": "layout",
            "type": "object",
            "parameters": [
              {
                "name": "itemLayoutId",
                "type": "integer"
              },
              {
                "name": "navigationId",
                "type": "integer"
              },
              {
                "name": "layoutSequenceId",
                "type": "integer"
              },
              {
                "name": "smallDescriptionId",
                "type": "integer"
              },
              {
                "name": "largeDescriptionId",
                "type": "integer"
              },
              {
                "name": "showcaseId",
                "type": "integer"
              }
            ]
          },
          {
            "name": "variantSelectors",
            "type": "objectarray",
            "parameters": [
              {
                "name": "key",
                "type": "string"
              },
              {
                "name": "i18n",
                "type": "string"
              },
              {
                "name": "values",
                "type": "objectarray",
                "parameters": [
                  {
                    "name": "value",
                    "type": "string"
                  },
                  {
                    "name": "i18n",
                    "type": "string"
                  }
                ]
              }
            ]
          }
        ]
      }
    },
    "genreInfo": {
      "request": {
        "parameters": [
          {
            "name": "genreId",
            "type": "integer",
            "required": true
          },
          {
            "name": "operation",
            "type": "string",
            "required": true
          },
          {
            "name": "developerId",
            "type": "integer",
            "required": true
          },
          {
            "name": "accessKey",
            "type": "string",
            "required": true
          },
          {
            "name": "shopId",
            "type": "integer"
          },
          {
            "name": "shopUrl",
            "type": "string"
          },
          {
            "name": "dispType",
            "type": "integer"
          },
          {
            "name": "dispId",
            "type": "integer"
          }
        ]
      },
      "response": {
        "parameters": [
          {
            "name": "membershipTypes",
            "type": "list",
            "dataType": "integer"
          }
        ]
      }
    },
    "reviewInfo": {
      "request": {
        "parameters": [
          {
            "name": "sid",
            "type": "string"
          },
          {
            "name": "authKey",
            "type": "string"
          },
          {
            "name": "column",
            "type": "list",
            "dataType": "string"
          },
          {
            "name": "hits",
            "type": "integer"
          },
          {
            "name": "shopId",
            "type": "integer"
          },
          {
            "name": "itemId",
            "type": "integer"
          },
          {
            "name": "page",
            "type": "integer"
          },
          {
            "name": "shopUrl",
            "type": "string"
          },
          {
            "name": "dispType",
            "type": "integer"
          },
          {
            "name": "dispId",
            "type": "integer"
          }
        ]
      },
      "response": {
        "parameters": [
          {
            "name": "docs",
            "type": "objectarray",
            "parameters": [
              {
                "name": "evaluation",
                "type": "double"
              },
              {
                "name": "nickName",
                "type": "string"
              },
              {
                "name": "regTime",
                "type": "string"
              },
              {
                "name": "review",
                "type": "string"
              },
              {
                "name": "age",
                "type": "integer"
              },
              {
                "name": "sex",
                "type": "integer"
              },
              {
                "name": "useCode",
                "type": "integer"
              },
              {
                "name": "objectCode",
                "type": "integer"
              },
              {
                "name": "frequencyCode",
                "type": "integer"
              },
              {
                "name": "reviewTheme",
                "type": "string"
              }
            ]
          }
        ]
      }
    }
  }
}