{
  "validator": "ItemBookmarkListValidator",
  "interfaces": {
    "itemBookmarkGet": {
      "processor": "ItemBookmarkGetInterfaceProcessor"
    },
    "couponByItem": {
      "processor": "CouponByItemInterfaceProcessor"
    }
  },
  "callDefinitions": {
    "itemBookmarkGetCD": {
      "type": "single",
      "interfaces": [
        "itemBookmarkGet"
      ]
    },
    "couponsByItemCD": {
      "type": "parallel",
      "interfaces": [
        "couponByItem"
      ],
      "depends": [
        "itemBookmarkGetCD"
      ]
    }
  },
  "features": {
    "itemBookmarkListInfo": {
      "processor": "ItemBookmarkListInfoFeatureProcessor",
      "interfaces": [
        "itemBookmarkGet",
        "couponByItem"
      ]
    }
  }
}
