{
  "validator": "BrowsingHistoryListValidator",
  "interfaces": {
    "browsingHistoryList": {
      "processor": "BrowsingHistoryListInterfaceProcessor"
    }
  },
  "callDefinitions": {
    "browsingHistoryListCD": {
      "type": "single",
      "interfaces": [
        "browsingHistoryList"
      ]
    }
  },
  "features": {
    "browsingHistoryListInfo": {
      "processor": "BrowsingHistoryListInfoFeatureProcessor",
      "interfaces": [
        "browsingHistoryList"
      ]
    }
  }
}