{
  "interfaceKey": "browsingHistory",
  "requestId": "browsingHistory",
  "urlParams": [
    {
      "name": "easyId"
    },
    {
      "name": "serviceId",
      "source": "sid"
    },
    {
      "name": "historyType",
      "type": "property",
      "propKey": "browsinghistory.list.historyType"
    },
    {
      "name": "actionType",
      "type": "property",
      "propKey": "browsinghistory.list.actionType"
    },
    {
      "name": "sort"
    },
    {
      "name": "pageIndex"
    },
    {
      "name": "genreId"
    },
    {
      "name": "browsingDate"
    },
    {
      "name": "itemType"
    },
    {
      "name": "itemNameTruncate"
    },
    {
      "name": "shopId"
    }
  ]
}