{
  "interfaceKey": "browsingHistoryAdd",
  "requestId": "browsingHistoryAdd",
  "urlParams": [
    {
      "name": "sid"
    },
    {
      "name": "easyId"
    },
    {
      "name": "shopId"
    },
    {
      "name": "itemId"
    },
    {
      "name": "itemType"
    },
    {
      "name": "genreId"
    },
    {
      "name": "serviceId",
      "type": "property",
      "propKey": "browsinghistory.add.serviceId"
    },
    {
      "name": "kindId",
      "type": "property",
      "propKey": "browsinghistory.add.kindId"
    }
  ]
}