{
  "interfaceKey": "couponByItem",
  "requestId": "couponByItem",
  "body": {
    "template": {
      "searchConditions":{
        "couponFilters":{
          "discountTypes":[
            1,
            2
          ],
          "itemTypes":[
            1,
            3,
            4
          ],
          "memberCondTypes":[
            1,
            2
          ],
          "sexCond":0,
          "birthdayCond":"0000",
          "cardCond":0,
          "rankCond":0,
          "isStartedOnly":true
        },
        "otherConditionFilters":[
          {
            "typeCode":"RS001",
            "startValue":"1",
            "isExcluded":false
          },
          {
            "typeCode":"RS008",
            "startValue":null,
            "isExcluded":true
          }
        ],
        "serviceSystems":[
          {
            "systemId":2
          }
        ],
        "limitPerItem":5,
        "easyId":0
      },
      "responseMeta":{
        "options":{
        },
        "fields":[
          "couponId",
          "couponCd",
          "couponName",
          "discountType",
          "discountFactor",
          "acquired",
          "couponStartDate",
          "couponEndDate",
          "memberAvailMaxCount",
          "issueCount",
          "combineFlg",
          "otherCondsCount",
          "otherConds",
          "serviceId",
          "systemId",
          "itemType",
          "couponType"
        ]
      }
    },
    "params": [
      {
        "name": "easyId",
        "path": "searchConditions.easyId"
      }
    ]
  }
}