{
  "interfaceKey": "gspItemReview",
  "requestId": "gspItemReview",
  "urlParams": [
    {
      "name": "shopId"
    },
    {
      "name": "itemId"
    },
    {
      "name": "sid",
      "type": "property",
      "propKey": "productscreen.get.reviewInfo.gspItemReview.sid"
    },
    {
      "name": "authKey",
      "type": "property",
      "propKey": "productscreen.get.reviewInfo.gspItemReview.authKey"
    },
    {
      "name": "hits",
      "type": "property",
      "propKey": "productscreen.get.reviewInfo.gspItemReview.hits"
    },
    {
      "name": "minAge"
    },
    {
      "name": "maxAge"
    },
    {
      "name": "minEvaluation"
    },
    {
      "name": "maxEvaluation"
    },
    {
      "name": "buyFlag"
    },
    {
      "name": "openFlag"
    },
    {
      "name": "serviceId"
    },
    {
      "name": "addFacetFilter"
    },
    {
      "name": "sex"
    },
    {
      "name": "mediaList"
    },
    {
      "name": "sortBy"
    },
    {
      "name": "regStartTime"
    },
    {
      "name": "regEndTime"
    },
    {
      "name": "column"
    }
  ],
  "headers": [
    {
      "name": "X-Client-Id",
      "source": "itemX-Client-Id"
    }
  ]
}