{
  "interfaceKey": "itemBookmarkGet",
  "requestId": "itemBookmarkGet",
  "headers": [
    {
      "name": "User-Agent"
    }
  ],
  "urlParams": [
    {
      "name": "easyId"
    },
    {
      "name": "svid"
    },
    {
      "name": "offset"
    },
    {
      "name": "hits"
    },
    {
      "name": "sort"
    },
    {
      "name": "itemType"
    },
    {
      "name": "shopId"
    },
    {
      "name": "listId"
    },
    {
      "name": "ncpFlag",
      "source": "ncpPointsFlag"
    }
  ]
}