<configuration>

  <include resource="org/springframework/boot/logging/logback/defaults.xml"/>
  <springProfile name="dev,stg,prod">
    <appender name="STDOUT" class="ch.qos.logback.core.ConsoleAppender">
      <encoder>
        <pattern>[traceId=%X{traceId}] [spanId=%X{spanId}] ${CONSOLE_LOG_PATTERN}</pattern>
        <charset>utf8</charset>
      </encoder>
    </appender>

    <appender name="STDOUT_JSON" class="ch.qos.logback.core.ConsoleAppender">
      <encoder class="net.logstash.logback.encoder.LoggingEventCompositeJsonEncoder">
        <providers>
          <timestamp>
            <fieldName>t</fieldName>
            <pattern>yyyy-MM-dd HH:mm:ss.SSS Z</pattern>
            <timeZone>JST</timeZone>
          </timestamp>
          <arguments>
          </arguments>
          <message>
            <fieldName>msg</fieldName>
          </message>
          <threadName/>
          <mdc>
            <includeMdcKeyName>traceId</includeMdcKeyName>
            <includeMdcKeyName>spanId</includeMdcKeyName>
          </mdc>
        </providers>
      </encoder>
    </appender>
  </springProfile>

  <property name="INFO_LOG_PATH" value="logs/info.log"/>
  <appender name="infoJsonAppender" class="ch.qos.logback.core.rolling.RollingFileAppender">
    <File>${INFO_LOG_PATH}</File>
    <encoder class="net.logstash.logback.encoder.LoggingEventCompositeJsonEncoder">
      <providers>
        <timestamp>
          <fieldName>t</fieldName>
          <pattern>yyyy-MM-dd HH:mm:ss.SSS Z</pattern>
          <timeZone>JST</timeZone>
        </timestamp>
        <logLevel/>
        <arguments>
        </arguments>
        <message>
          <fieldName>msg</fieldName>
        </message>
        <threadName/>
        <loggerName/>
        <mdc>
          <includeMdcKeyName>traceId</includeMdcKeyName>
          <includeMdcKeyName>spanId</includeMdcKeyName>
        </mdc>
      </providers>
    </encoder>
    <rollingPolicy class="ch.qos.logback.core.rolling.TimeBasedRollingPolicy">
      <fileNamePattern>logs/info/info.%d{yyyy-MM-dd-HH}.log
      </fileNamePattern>
      <maxHistory>3</maxHistory>
    </rollingPolicy>
  </appender>

  <property name="ERROR_LOG_PATH" value="logs/error.log"/>
  <appender name="errorJsonAppender" class="ch.qos.logback.core.rolling.RollingFileAppender">
    <File>${ERROR_LOG_PATH}</File>
    <filter class="ch.qos.logback.classic.filter.ThresholdFilter">
      <level>ERROR</level>
    </filter>
    <encoder class="net.logstash.logback.encoder.LoggingEventCompositeJsonEncoder">
      <providers>
        <timestamp>
          <fieldName>t</fieldName>
          <pattern>yyyy-MM-dd HH:mm:ss.SSS Z</pattern>
          <timeZone>JST</timeZone>
        </timestamp>
        <logLevel/>
        <arguments>
        </arguments>
        <message>
          <fieldName>msg</fieldName>
        </message>
        <threadName/>
        <loggerName/>
        <mdc>
          <includeMdcKeyName>traceId</includeMdcKeyName>
          <includeMdcKeyName>spanId</includeMdcKeyName>
        </mdc>
        <stackTrace/>
      </providers>
    </encoder>
    <rollingPolicy class="ch.qos.logback.core.rolling.TimeBasedRollingPolicy">
      <fileNamePattern>logs/error/error.%d{yyyy-MM-dd-HH}.log
      </fileNamePattern>
      <maxHistory>3</maxHistory>
    </rollingPolicy>
  </appender>

  <property name="API_LOG_PATH" value="logs/api.log"/>
  <appender name="apiJsonAppender" class="ch.qos.logback.core.rolling.RollingFileAppender">
    <File>${API_LOG_PATH}</File>
    <encoder class="net.logstash.logback.encoder.LoggingEventCompositeJsonEncoder">
      <providers>
        <timestamp>
          <fieldName>t</fieldName>
          <pattern>yyyy-MM-dd HH:mm:ss.SSS Z</pattern>
          <timeZone>JST</timeZone>
        </timestamp>
        <arguments>
        </arguments>
        <message>
          <fieldName>msg</fieldName>
        </message>
        <threadName/>
        <mdc>
          <includeMdcKeyName>traceId</includeMdcKeyName>
          <includeMdcKeyName>spanId</includeMdcKeyName>
        </mdc>
      </providers>
    </encoder>
    <rollingPolicy class="ch.qos.logback.core.rolling.TimeBasedRollingPolicy">
      <fileNamePattern>logs/api/api.%d{yyyy-MM-dd-HH}.log
      </fileNamePattern>
      <maxHistory>3</maxHistory>
    </rollingPolicy>
  </appender>

  <property name="SERVICE_LOG_PATH" value="logs/service.log"/>
  <appender name="serviceJsonAppender" class="ch.qos.logback.core.rolling.RollingFileAppender">
    <File>${SERVICE_LOG_PATH}</File>
    <encoder class="net.logstash.logback.encoder.LoggingEventCompositeJsonEncoder">
      <providers>
        <timestamp>
          <fieldName>t</fieldName>
          <pattern>yyyy-MM-dd HH:mm:ss.SSS Z</pattern>
          <timeZone>JST</timeZone>
        </timestamp>
        <arguments>
        </arguments>
        <message>
          <fieldName>msg</fieldName>
        </message>
        <threadName/>
        <mdc>
          <includeMdcKeyName>traceId</includeMdcKeyName>
          <includeMdcKeyName>spanId</includeMdcKeyName>
        </mdc>
      </providers>
    </encoder>
    <rollingPolicy class="ch.qos.logback.core.rolling.TimeBasedRollingPolicy">
      <fileNamePattern>logs/service/service.%d{yyyy-MM-dd-HH}.log
      </fileNamePattern>
      <maxHistory>3</maxHistory>
    </rollingPolicy>
  </appender>

  <root level="INFO">
    <springProfile name="dev,stg,prod">
      <appender-ref ref="STDOUT"/>
    </springProfile>
    <appender-ref ref="infoJsonAppender"/>
    <appender-ref ref="errorJsonAppender"/>
  </root>

  <logger name="serviceLogger" additivity="false" level="INFO">
    <springProfile name="dev,stg,prod">
      <appender-ref ref="STDOUT_JSON"/>
    </springProfile>
    <appender-ref ref="serviceJsonAppender"/>
  </logger>

  <logger name="apiLogger" additivity="false" level="INFO">
    <springProfile name="dev,stg,prod">
      <appender-ref ref="STDOUT_JSON"/>
    </springProfile>
    <appender-ref ref="apiJsonAppender"/>
  </logger>
</configuration>
