{
  "validator": "ItemInfoValidator",
  "interfaces": {
    "itemXInfo": {
      "processor": "ItemXInterfaceProcessor"
    },
    "inventoryXInfo": {
      "processor": "InventoryXInterfaceProcessor"
    },
    "gspItemKvsInfo": {
      "processor": "GspItemKvsInfoInterfaceProcessor"
    }
  },
  "callDefinitions": {
    "itemInventoryInfo": {
      "type": "parallel",
      "interfaces": [
        "itemXInfo",
        "inventoryXInfo"
      ]
    },
    "gspInventoryInfo": {
      "type": "parallel",
      "depends": [
        "itemInventoryInfo"
      ],
      "interfaces": [
        "inventoryXInfo",
        "gspItemKvsInfo"
      ]
    }
  },
  "features": {
    "itemInfo": {
      "processor": "ItemInfoFeatureProcessor",
      "interfaces": [
        "itemXInfo",
        "gspItemKvsInfo",
        "inventoryXInfo"
      ]
    }
  }
}