{
  "validator": "ProductInfoValidator",
  "interfaces": {
    "productInfo": {
      "processor": "ProductInfoInterfaceProcessor",
      "parameterLinks": [
        {
          "parentRequestId": "shopMasterInfo",
          "sourcePath": "id",
          "targetType": "urlParameters",
          "targetName": "shopId"
        }
      ]
    },
    "shopMasterInfo": {
      "processor": "ShopMasterInfoInterfaceProcessor"
    },
    "shopDispInfo": {
      "processor": "ShopDispInfoInterfaceProcessor",
      "dependencyCondition": [
        {
          "parentRequestId": "productInfo",
          "sourcePath": "features.review",
          "valueToCompareWith": "SHOP_SETTING",
          "evaluation": "EQUAL"
        }
      ]
    },
    "navigationInfo": {
      "processor": "NavigationInfoInterfaceProcessor"
    },
    "gspItemReview": {
      "processor": "GspItemReviewInterfaceProcessor",
      "dependencyCondition": [
        {
          "parentRequestId": "navigationInfo",
          "sourcePath": "genre.prohibitedReviewStatus",
          "valueToCompareWith": "2",
          "evaluation": "NOT_EQUAL"
        }
      ]
    }
  },
  "callDefinitions": {
    "productInfoCD": {
      "type": "complex",
      "interfaces": [
        "shopMasterInfo",
        "productInfo",
        "shopDispInfo"
      ]
    },

    "navigationReviewInfoCD": {
      "type": "complex",
      "depends": [
        "productInfoCD"
      ],
      "interfaces": [
        "navigationInfo",
        "gspItemReview"
      ]
    }
  },
  "features": {
    "productInfo": {
      "processor": "ProductInfoFeatureProcessor",
      "interfaces": [
        "productInfo",
        "shopMasterInfo"
      ]
    },
    "genreInfo": {
      "processor": "GenreInfoFeatureProcessor",
      "interfaces": [
        "shopDispInfo",
        "navigationInfo"
      ]
    },
    "reviewInfo": {
      "processor": "ReviewInfoFeatureProcessor",
      "interfaces": [
        "shopDispInfo",
        "gspItemReview"
      ]
    }
  }
}